;transfer;deepened;optimiser;learning rate;batch size;loss1;acc1;loss2;acc2;loss3;acc3;epoch_stopped1;epoch_stopped2;epoch_stopped3;reg_penalty
0;True;True;adam;0.1;10;0.6999378228674129;0.023547880351543427;0.6997944132499455;0.023547880351543427;0.6998512998480625;0.023547880351543427;85.0;80.0;80.0;0.01
1;True;False;adam;0.1;10;0.6924430050505573;0.023547880351543427;0.6924322033227893;0.023547880351543427;0.6925593529428754;0.023547880351543427;81.0;80.0;82.0;0.01
2;False;True;adam;0.1;10;0.6923389442300123;0.023547880351543427;0.6924200823393123;0.023547880351543427;0.6926800534713959;0.023547880351543427;80.0;80.0;80.0;0.01
3;False;False;adam;0.1;10;0.6920680959520384;0.023547880351543427;0.6928305977742002;0.023547880351543427;0.6923866249515648;0.023547880351543427;80.0;80.0;81.0;0.01
4;True;True;adam;0.1;10;0.6998997199666369;0.023547880351543427;0.699871379221253;0.023547880351543427;0.7000567573393158;0.023547880351543427;80.0;80.0;81.0;0.001
5;True;False;adam;0.1;10;0.6919450921765302;0.023547880351543427;0.6926114547945079;0.023547880351543427;0.6923344064170562;0.023547880351543427;80.0;80.0;80.0;0.001
6;False;True;adam;0.1;10;0.6921506445486467;0.023547880351543427;0.6923030584910227;0.023547880351543427;0.6921795444735552;0.023547880351543427;80.0;80.0;80.0;0.001
7;False;False;adam;0.1;10;0.6926870012021327;0.023547880351543427;0.6918497103349754;0.023547880351543427;0.6925880754574127;0.023547880351543427;81.0;81.0;82.0;0.001
8;True;True;adam;0.1;10;0.6995361794482221;0.023547880351543427;0.7000214950630391;0.023547880351543427;0.7000983634399283;0.023547880351543427;104.0;91.0;90.0;0.0001
9;True;False;adam;0.1;10;0.6926216136903928;0.023547880351543427;0.6925291149545127;0.023547880351543427;0.6927620031208596;0.023547880351543427;80.0;80.0;82.0;0.0001
10;False;True;adam;0.1;10;0.6925477300371442;0.023547880351543427;0.6920861439951922;0.023547880351543427;0.6925572891437465;0.023547880351543427;81.0;93.0;81.0;0.0001
11;False;False;adam;0.1;10;0.6919716496482562;0.023547880351543427;0.6922863043458721;0.023547880351543427;0.6923138478674357;0.023547880351543427;80.0;80.0;80.0;0.0001
12;True;True;adam;0.1;50;0.6995602054536062;0.023547880351543427;0.6996925298235667;0.023547880351543427;0.6998514344029748;0.023547880351543427;80.0;80.0;81.0;0.01
13;True;False;adam;0.1;50;0.689603918762746;0.03610675036907196;0.6923246467880776;0.023547880351543427;0.691762233360596;0.025117740035057068;86.0;80.0;82.0;0.01
14;False;True;adam;0.1;50;0.6922560569068513;0.023547880351543427;0.6921393330467739;0.023547880351543427;0.6923918606160762;0.023547880351543427;101.0;81.0;80.0;0.01
15;False;False;adam;0.1;50;0.6921731944735421;0.023547880351543427;0.6921980403468971;0.023547880351543427;0.6921182204640267;0.023547880351543427;80.0;106.0;80.0;0.01
16;True;True;adam;0.1;50;0.6994939290185925;0.023547880351543427;0.6997859091549129;0.023547880351543427;0.6995189741043318;0.023547880351543427;80.0;113.0;84.0;0.001
17;True;False;adam;0.1;50;0.6921240611577895;0.023547880351543427;0.6920688348812062;0.023547880351543427;0.6879761767349962;0.0376766100525856;80.0;84.0;85.0;0.001
18;False;True;adam;0.1;50;0.6923108895307808;0.023547880351543427;0.6922934560611073;0.023547880351543427;0.6921728351613977;0.023547880351543427;81.0;80.0;80.0;0.001
19;False;False;adam;0.1;50;0.6876685041086266;0.0376766100525856;0.6923941410317713;0.023547880351543427;0.692238444997527;0.023547880351543427;80.0;80.0;80.0;0.001
20;True;True;adam;0.1;50;0.6800448407932204;0.08320251107215881;0.6790439148712757;0.08006279170513153;0.6786121088818441;0.09576138108968736;104.0;100.0;167.0;0.0001
21;True;False;adam;0.1;50;0.69221551994701;0.023547880351543427;0.6921413541775857;0.023547880351543427;0.6920216972449885;0.025117740035057068;80.0;80.0;106.0;0.0001
22;False;True;adam;0.1;50;0.6922056322195091;0.023547880351543427;0.6715225365884263;0.08320251107215881;0.6723104543176888;0.08320251107215881;81.0;82.0;88.0;0.0001
23;False;False;adam;0.1;50;0.6842192157845669;0.05337519571185112;0.6818116965061829;0.067503921687603;0.6816890859154742;0.0565149150788784;87.0;82.0;87.0;0.0001
24;True;True;adam;0.1;100;0.6997614101487764;0.023547880351543427;0.6995784311878438;0.023547880351543427;0.6997154874367467;0.023547880351543427;82.0;80.0;80.0;0.01
25;True;False;adam;0.1;100;0.6921682780728422;0.023547880351543427;0.6923468039960278;0.023547880351543427;0.692576725497912;0.023547880351543427;80.0;80.0;100.0;0.01
26;False;True;adam;0.1;100;0.6922191635967236;0.023547880351543427;0.6928440945301925;0.023547880351543427;0.6921629354568254;0.023547880351543427;91.0;90.0;85.0;0.01
27;False;False;adam;0.1;100;0.6922724900103439;0.023547880351543427;0.6923112389244127;0.023547880351543427;0.6922611145059954;0.023547880351543427;80.0;80.0;80.0;0.01
28;True;True;adam;0.1;100;0.6995070295955172;0.023547880351543427;0.6995837124213693;0.10204081982374193;0.6977385316201993;0.03139717504382133;80.0;83.0;85.0;0.001
29;True;False;adam;0.1;100;0.6752754626693306;0.08320251107215881;0.6751644901428342;0.07378336042165756;0.6750023323849569;0.08320251107215881;92.0;87.0;103.0;0.001
30;False;True;adam;0.1;100;0.6864583535321653;0.04552590101957321;0.6812814442291739;0.0941915214061737;0.6921376229455369;0.023547880351543427;82.0;105.0;81.0;0.001
31;False;False;adam;0.1;100;0.6920928768872092;0.023547880351543427;0.6854217078659561;0.05337519571185112;0.6922522067462257;0.023547880351543427;92.0;117.0;80.0;0.001
32;True;True;adam;0.1;100;0.6848364071905894;0.05808477103710175;0.6717995539939198;0.08791209012269974;0.6734294154018959;0.097331240773201;144.0;152.0;98.0;0.0001
33;True;False;adam;0.1;100;0.6779641141322569;0.08006279170513153;0.6798784657961907;0.06279435008764267;0.6921661061057864;0.023547880351543427;84.0;92.0;80.0;0.0001
34;False;True;adam;0.1;100;0.6937004817149702;0.08948194980621338;0.6923729830671517;0.023547880351543427;0.6759159539707789;0.07692307978868483;82.0;90.0;82.0;0.0001
35;False;False;adam;0.1;100;0.6788560662950788;0.06436420977115631;0.6778750948292119;0.08163265138864517;0.6748911045035537;0.0753532201051712;94.0;98.0;92.0;0.0001
36;True;True;adam;0.1;500;0.6999628027342553;0.023547880351543427;0.6999438064438956;0.023547880351543427;0.7000435030254502;0.023547880351543427;87.0;81.0;81.0;0.01
37;True;False;adam;0.1;500;0.6921372995646071;0.023547880351543427;0.6921463628391643;0.023547880351543427;0.6921947771563448;0.023547880351543427;87.0;92.0;82.0;0.01
38;False;True;adam;0.1;500;0.6921202584375954;0.023547880351543427;0.677443711686546;0.0753532201051712;0.6898611303027047;0.03610675036907196;88.0;87.0;99.0;0.01
39;False;False;adam;0.1;500;0.6921325763877557;0.023547880351543427;0.6921567817684994;0.023547880351543427;0.6904450520241466;0.023547880351543427;85.0;85.0;128.0;0.01
40;True;True;adam;0.1;500;0.6799005898800525;0.06436420977115631;0.6818982554567478;0.06436420977115631;0.6999456003846328;0.023547880351543427;103.0;125.0;83.0;0.001
41;True;False;adam;0.1;500;0.6920465381590875;0.023547880351543427;0.6920537951415524;0.023547880351543427;0.6921524119152566;0.023547880351543427;86.0;85.0;82.0;0.001
42;False;True;adam;0.1;500;0.662836288357829;0.10989011079072952;0.6717653042480373;0.08320251107215881;0.6677642723829069;0.10989011079072952;173.0;92.0;133.0;0.001
43;False;False;adam;0.1;500;0.6877202668594229;0.023547880351543427;0.6725208825743181;0.08163265138864517;0.6907917088953255;0.023547880351543427;89.0;105.0;132.0;0.001
44;True;True;adam;0.1;500;0.6686817933476327;0.09890110045671464;0.6998975822465199;0.023547880351543427;0.677292714968581;0.10047096014022827;113.0;80.0;150.0;0.0001
45;True;False;adam;0.1;500;0.6911219151652589;0.023547880351543427;0.6920832796036916;0.023547880351543427;0.673342151114106;0.07692307978868483;96.0;82.0;119.0;0.0001
46;False;True;adam;0.1;500;0.6577981660841399;0.1130298301577568;0.6921249956500773;0.023547880351543427;0.6680237577885998;0.09890110045671464;97.0;80.0;99.0;0.0001
47;False;False;adam;0.1;500;0.6920709823326937;0.023547880351543427;0.6847494995013885;0.023547880351543427;0.6905756942705606;0.023547880351543427;82.0;126.0;93.0;0.0001
48;True;True;adam;0.01;10;0.675577180445475;0.0753532201051712;0.6713085181110507;0.09576138108968736;0.6746300301709018;0.08320251107215881;120.0;99.0;89.0;0.01
49;True;False;adam;0.01;10;0.666566401298978;0.1051805317401886;0.6650729618229709;0.097331240773201;0.6661683116078938;0.10204081982374193;108.0;116.0;111.0;0.01
50;False;True;adam;0.01;10;0.6686569025602596;0.09576138108968736;0.6710422287930499;0.0863422304391861;0.6846159603943818;0.048665620386600494;85.0;92.0;92.0;0.01
51;False;False;adam;0.01;10;0.663242543510964;0.097331240773201;0.6660917229143379;0.0941915214061737;0.6661232165302174;0.10204081982374193;116.0;99.0;118.0;0.01
52;True;True;adam;0.01;10;0.6600490415489281;0.10675039142370224;0.6672454816018768;0.1051805317401886;0.6720021115367416;0.09105180203914642;153.0;123.0;143.0;0.001
53;True;False;adam;0.01;10;0.6691507801904784;0.10047096014022827;0.6631527053692278;0.11773940175771712;0.6732149849319757;0.10675039142370224;91.0;112.0;147.0;0.001
54;False;True;adam;0.01;10;0.6556461134361136;0.10204081982374193;0.6601744531836578;0.1051805317401886;0.6609047146943899;0.11930926144123075;100.0;86.0;125.0;0.001
55;False;False;adam;0.01;10;0.665061988860509;0.09890110045671464;0.6582842771449307;0.0941915214061737;0.6677018411492628;0.097331240773201;151.0;91.0;91.0;0.001
56;True;True;adam;0.01;10;0.66303827745761;0.09890110045671464;0.6599904566395041;0.11459968239068985;0.6632272995060992;0.1051805317401886;168.0;155.0;121.0;0.0001
57;True;False;adam;0.01;10;0.6647702573419927;0.10204081982374193;0.65970980344425;0.10675039142370224;0.6653829858853266;0.11459968239068985;104.0;105.0;116.0;0.0001
58;False;True;adam;0.01;10;0.6604904074870998;0.12087912112474443;0.6524348356285874;0.12087912112474443;0.662376273183658;0.12244898080825806;92.0;91.0;119.0;0.0001
59;False;False;adam;0.01;10;0.6632081980420805;0.11145997047424316;0.6533990923426402;0.10675039142370224;0.6610962265701833;0.10204081982374193;103.0;109.0;96.0;0.0001
60;True;True;adam;0.01;50;0.6739264022985845;0.10832025110721588;0.6649767734940797;0.10204081982374193;0.675421489931912;0.10989011079072952;125.0;204.0;129.0;0.01
61;True;False;adam;0.01;50;0.6625237418119351;0.11616954207420348;0.6521149418979088;0.12087912112474443;0.6558846065911992;0.12558870017528534;94.0;115.0;99.0;0.01
62;False;True;adam;0.01;50;0.6598928012129276;0.1051805317401886;0.666486997245058;0.10989011079072952;0.6691073182052121;0.0941915214061737;101.0;131.0;94.0;0.01
63;False;False;adam;0.01;50;0.6583586228511397;0.12244898080825806;0.6548159024217627;0.11616954207420348;0.6553002555666014;0.12244898080825806;127.0;111.0;108.0;0.01
64;True;True;adam;0.01;50;0.6608513376589286;0.10832025110721588;0.665885466234276;0.11459968239068985;0.6674588934592961;0.1130298301577568;155.0;126.0;112.0;0.001
65;True;False;adam;0.01;50;0.6590089433982945;0.11930926144123075;0.6536410166479916;0.12244898080825806;0.6551546137224374;0.10832025110721588;107.0;159.0;113.0;0.001
66;False;True;adam;0.01;50;0.6566461649382694;0.11773940175771712;0.6556848612273319;0.1240188404917717;0.6503251845271472;0.12244898080825806;105.0;106.0;94.0;0.001
67;False;False;adam;0.01;50;0.6578093701666528;0.11616954207420348;0.6589562604715536;0.11459968239068985;0.6624126205077538;0.12244898080825806;127.0;118.0;103.0;0.001
68;True;True;adam;0.01;50;0.6555349725756203;0.12558870017528534;0.664363157431035;0.11773940175771712;0.6633304510984915;0.12087912112474443;119.0;142.0;160.0;0.0001
69;True;False;adam;0.01;50;0.6495279570576534;0.12087912112474443;0.6583492356342274;0.11145997047424316;0.6535487000010264;0.1240188404917717;133.0;111.0;101.0;0.0001
70;False;True;adam;0.01;50;0.6518638512029004;0.10832025110721588;0.6547022903545685;0.12558870017528534;0.6508595021777849;0.13029827177524567;90.0;94.0;104.0;0.0001
71;False;False;adam;0.01;50;0.6584952004850378;0.10989011079072952;0.6568657192555103;0.11616954207420348;0.6561565026757855;0.12715855240821838;116.0;121.0;118.0;0.0001
72;True;True;adam;0.01;100;0.664493875844138;0.1130298301577568;0.6727314912355863;0.10989011079072952;0.6659971338987725;0.11616954207420348;123.0;130.0;140.0;0.01
73;True;False;adam;0.01;100;0.6549196379899604;0.12087912112474443;0.6575917185195013;0.12087912112474443;0.6522617075282325;0.12872841954231262;152.0;122.0;136.0;0.01
74;False;True;adam;0.01;100;0.6638167816765455;0.11930926144123075;0.6591367135803965;0.1240188404917717;0.6576321896990203;0.1130298301577568;112.0;105.0;129.0;0.01
75;False;False;adam;0.01;100;0.6558574046968852;0.1130298301577568;0.6593506390483264;0.12087912112474443;0.6582041496946074;0.11773940175771712;126.0;136.0;199.0;0.01
76;True;True;adam;0.01;100;0.6679393658458345;0.11459968239068985;0.6536783367348615;0.11930926144123075;0.6593137701601961;0.11616954207420348;118.0;150.0;156.0;0.001
77;True;False;adam;0.01;100;0.6589095599984449;0.11459968239068985;0.6532492310136229;0.12087912112474443;0.6518911291703324;0.12244898080825806;150.0;111.0;111.0;0.001
78;False;True;adam;0.01;100;0.6519578549326682;0.12087912112474443;0.6624735461860848;0.1130298301577568;0.6582245633965197;0.12558870017528534;84.0;87.0;100.0;0.001
79;False;False;adam;0.01;100;0.647170040072227;0.12244898080825806;0.6601891219148082;0.11930926144123075;0.6530068074141043;0.12558870017528534;125.0;174.0;176.0;0.001
80;True;True;adam;0.01;100;0.6736956730929424;0.1130298301577568;0.6588796652280368;0.11145997047424316;0.6546681621572473;0.1240188404917717;167.0;108.0;111.0;0.0001
81;True;False;adam;0.01;100;0.6564700472485888;0.11930926144123075;0.6580702908559347;0.12558870017528534;0.6529002295371314;0.1240188404917717;129.0;147.0;137.0;0.0001
82;False;True;adam;0.01;100;0.6542247774275356;0.11930926144123075;0.6501133691759274;0.12558870017528534;0.6480526042695697;0.11773940175771712;87.0;107.0;104.0;0.0001
83;False;False;adam;0.01;100;0.6527748492486436;0.12244898080825806;0.6518280492098403;0.12715855240821838;0.6549422469580753;0.12244898080825806;167.0;145.0;119.0;0.0001
84;True;True;adam;0.01;500;0.6757577661442421;0.12558870017528534;0.67319052148277;0.11616954207420348;0.6749650772362713;0.12244898080825806;105.0;107.0;164.0;0.01
85;True;False;adam;0.01;500;0.6485811558024288;0.12087912112474443;0.6522821707291356;0.12244898080825806;0.6488059018994425;0.12244898080825806;203.0;185.0;251.0;0.01
86;False;True;adam;0.01;500;0.6641441309470771;0.11459968239068985;0.6613987007732481;0.11773940175771712;0.6684797778608661;0.1130298301577568;110.0;102.0;90.0;0.01
87;False;False;adam;0.01;500;0.6465468154035895;0.12558870017528534;0.6471718011695886;0.1240188404917717;0.6454762548816447;0.13029827177524567;200.0;191.0;173.0;0.01
88;True;True;adam;0.01;500;0.664268993695078;0.1240188404917717;0.6729329075880665;0.11930926144123075;0.6614581378325937;0.11930926144123075;117.0;94.0;118.0;0.001
89;True;False;adam;0.01;500;0.648154910636285;0.12087912112474443;0.6502313311657688;0.11616954207420348;0.6440251141178365;0.12558870017528534;145.0;285.0;188.0;0.001
90;False;True;adam;0.01;500;0.6575110676337261;0.1130298301577568;0.6550545983449256;0.12244898080825806;0.6577440076383354;0.11930926144123075;101.0;102.0;148.0;0.001
91;False;False;adam;0.01;500;0.6484009295093771;0.1240188404917717;0.6473952849955537;0.11773940175771712;0.6475263364273862;0.12558870017528534;215.0;233.0;234.0;0.001
92;True;True;adam;0.01;500;0.666017372061731;0.12244898080825806;0.6610705836601497;0.11930926144123075;0.6688243196560786;0.12244898080825806;112.0;105.0;96.0;0.0001
93;True;False;adam;0.01;500;0.6482086007598805;0.11616954207420348;0.6511787229467598;0.12087912112474443;0.6440896255255121;0.12872841954231262;176.0;260.0;228.0;0.0001
94;False;True;adam;0.01;500;0.6598841426323871;0.1130298301577568;0.6556299063998451;0.11930926144123075;0.6486535324968011;0.1240188404917717;91.0;129.0;91.0;0.0001
95;False;False;adam;0.01;500;0.6468459660628901;0.12087912112474443;0.6455040026684197;0.1240188404917717;0.6474394564351631;0.12872841954231262;214.0;258.0;232.0;0.0001
96;True;True;adam;0.001;10;0.6702842002199434;0.11773940175771712;0.6718838298152343;0.1130298301577568;0.6710296804714053;0.1130298301577568;106.0;112.0;166.0;0.01
97;True;False;adam;0.001;10;0.6523437071445412;0.12087912112474443;0.6467460406069853;0.1240188404917717;0.6447912306763126;0.12558870017528534;202.0;171.0;136.0;0.01
98;False;True;adam;0.001;10;0.6677188969669012;0.12087912112474443;0.6636998014322817;0.11616954207420348;0.6599950438578799;0.11930926144123075;92.0;87.0;85.0;0.01
99;False;False;adam;0.001;10;0.6494385789103186;0.12244898080825806;0.6459539785302789;0.12715855240821838;0.6459461127757278;0.13343799114227295;181.0;169.0;160.0;0.01
100;True;True;adam;0.001;10;0.6591907650746955;0.12244898080825806;0.6602659008379447;0.11459968239068985;0.6546849616842704;0.11616954207420348;99.0;185.0;198.0;0.001
101;True;False;adam;0.001;10;0.6481079946694606;0.12558870017528534;0.6505946296163406;0.12244898080825806;0.6486419977348303;0.12244898080825806;195.0;133.0;208.0;0.001
102;False;True;adam;0.001;10;0.6606981249020275;0.11773940175771712;0.6506789467024092;0.12558870017528534;0.6587139641284194;0.12244898080825806;94.0;93.0;86.0;0.001
103;False;False;adam;0.001;10;0.6492895310864529;0.12244898080825806;0.6496199754006822;0.1240188404917717;0.6467653984551901;0.1240188404917717;190.0;165.0;184.0;0.001
104;True;True;adam;0.001;10;0.6581018279822692;0.11773940175771712;0.6564998911164432;0.11930926144123075;0.6532333046899673;0.12244898080825806;137.0;105.0;116.0;0.0001
105;True;False;adam;0.001;10;0.6436624087194446;0.12872841954231262;0.6502367735283341;0.12087912112474443;0.6420924697229214;0.13029827177524567;152.0;140.0;207.0;0.0001
106;False;True;adam;0.001;10;0.6578711296550146;0.12087912112474443;0.6501139627895325;0.11773940175771712;0.646496253260638;0.1240188404917717;89.0;93.0;91.0;0.0001
107;False;False;adam;0.001;10;0.6465103863921233;0.12715855240821838;0.6448750720480735;0.13029827177524567;0.6479395413698169;0.12558870017528534;122.0;200.0;205.0;0.0001
108;True;True;adam;0.001;50;0.6689829670091626;0.1240188404917717;0.6791169375789409;0.11930926144123075;0.6700719280557318;0.12087912112474443;162.0;97.0;144.0;0.01
109;True;False;adam;0.001;50;0.6491935926853581;0.12244898080825806;0.6514317813436128;0.1240188404917717;0.6427127808753512;0.13029827177524567;241.0;246.0;293.0;0.01
110;False;True;adam;0.001;50;0.6662966321738586;0.10832025110721588;0.67100882165286;0.10675039142370224;0.6649722987478905;0.12715855240821838;93.0;89.0;123.0;0.01
111;False;False;adam;0.001;50;0.6484508189713375;0.12558870017528534;0.6466919034017685;0.12558870017528534;0.6478254634132565;0.12872841954231262;171.0;269.0;208.0;0.01
112;True;True;adam;0.001;50;0.6531278476048863;0.1240188404917717;0.6672268683906627;0.11930926144123075;0.6644063318730149;0.12558870017528534;162.0;109.0;130.0;0.001
113;True;False;adam;0.001;50;0.6428721435777434;0.12715855240821838;0.6481983059990911;0.1240188404917717;0.6440129434482269;0.12715855240821838;395.0;188.0;230.0;0.001
114;False;True;adam;0.001;50;0.6572736881591461;0.11145997047424316;0.6571855480480044;0.12558870017528534;0.6579293284910253;0.1240188404917717;143.0;91.0;91.0;0.001
115;False;False;adam;0.001;50;0.6442814461851794;0.12558870017528534;0.6501453050077429;0.11616954207420348;0.6436240162168231;0.12872841954231262;224.0;209.0;169.0;0.001
116;True;True;adam;0.001;50;0.6530376027105742;0.1240188404917717;0.6630478460148702;0.1240188404917717;0.6538735008688886;0.12558870017528534;106.0;105.0;134.0;0.0001
117;True;False;adam;0.001;50;0.6465276445099847;0.12244898080825806;0.6460018610841999;0.1240188404917717;0.6422983640965712;0.12872841954231262;256.0;170.0;163.0;0.0001
118;False;True;adam;0.001;50;0.6540399150721132;0.11459968239068985;0.6515224766880976;0.1240188404917717;0.6513559429948708;0.13029827177524567;147.0;96.0;94.0;0.0001
119;False;False;adam;0.001;50;0.6447549676595715;0.12244898080825806;0.6474916494248238;0.11930926144123075;0.6479734477106032;0.12872841954231262;248.0;203.0;329.0;0.0001
120;True;True;adam;0.001;100;0.6721428268745518;0.1240188404917717;0.6671093544181512;0.12087912112474443;0.6775533104990865;0.12715855240821838;106.0;117.0;111.0;0.01
121;True;False;adam;0.001;100;0.6446904175135554;0.12872841954231262;0.6480306646138945;0.12558870017528534;0.646142778815804;0.12872841954231262;263.0;260.0;312.0;0.01
122;False;True;adam;0.001;100;0.6614437750781911;0.11773940175771712;0.6670845388617583;0.11773940175771712;0.6657560560355194;0.11773940175771712;94.0;101.0;101.0;0.01
123;False;False;adam;0.001;100;0.648311935657609;0.12715855240821838;0.6465758879667549;0.12244898080825806;0.6415849996137095;0.13343799114227295;224.0;286.0;293.0;0.01
124;True;True;adam;0.001;100;0.6667766472795508;0.12872841954231262;0.6709402728492462;0.12558870017528534;0.6577273657782299;0.1318681389093399;165.0;119.0;123.0;0.001
125;True;False;adam;0.001;100;0.6431340436733312;0.12715855240821838;0.6488093097505614;0.12558870017528534;0.6399026512163962;0.1318681389093399;237.0;284.0;256.0;0.001
126;False;True;adam;0.001;100;0.653534840190055;0.12087912112474443;0.6624498332688348;0.11930926144123075;0.6554177386607255;0.12558870017528534;93.0;105.0;93.0;0.001
127;False;False;adam;0.001;100;0.6431555396159365;0.1240188404917717;0.6462513734257577;0.12558870017528534;0.6427600112403019;0.1318681389093399;295.0;240.0;261.0;0.001
128;True;True;adam;0.001;100;0.6534929933315918;0.12558870017528534;0.6568451350674711;0.12244898080825806;0.6589044237061984;0.1318681389093399;168.0;121.0;153.0;0.0001
129;True;False;adam;0.001;100;0.645461580536242;0.12558870017528534;0.6510371173756837;0.11930926144123075;0.6437679389769466;0.12715855240821838;250.0;268.0;281.0;0.0001
130;False;True;adam;0.001;100;0.6562249410657718;0.11145997047424316;0.6433071465095508;0.12558870017528534;0.6471317322512437;0.1240188404917717;95.0;99.0;91.0;0.0001
131;False;False;adam;0.001;100;0.6424968357737435;0.12558870017528534;0.6471434912090211;0.1240188404917717;0.6447139074514201;0.12872841954231262;283.0;278.0;290.0;0.0001
132;True;True;adam;0.001;500;0.6869201247508709;0.12244898080825806;0.688895664372287;0.12087912112474443;0.6837962413882162;0.135007843375206;129.0;115.0;123.0;0.01
133;True;False;adam;0.001;500;0.6486976985093001;0.12244898080825806;0.6523151349983934;0.11459968239068985;0.649394868587961;0.12872841954231262;543.0;398.0;356.0;0.01
134;False;True;adam;0.001;500;0.6648261936343446;0.1130298301577568;0.6697350545805327;0.12244898080825806;0.6603445985253602;0.12715855240821838;125.0;122.0;118.0;0.01
135;False;False;adam;0.001;500;0.647944381510257;0.12558870017528534;0.6526716404844489;0.1240188404917717;0.6469253749824955;0.12872841954231262;438.0;433.0;410.0;0.01
136;True;True;adam;0.001;500;0.6679242393659834;0.12872841954231262;0.6857375299537575;0.12715855240821838;0.6702225471216618;0.12715855240821838;121.0;152.0;117.0;0.001
137;True;False;adam;0.001;500;0.646481182549026;0.1240188404917717;0.6470407954939119;0.12558870017528534;0.6451306451620824;0.13029827177524567;477.0;471.0;440.0;0.001
138;False;True;adam;0.001;500;0.6580516079344217;0.1130298301577568;0.6521841072399912;0.1240188404917717;0.6514826442233435;0.12715855240821838;110.0;109.0;108.0;0.001
139;False;False;adam;0.001;500;0.6462016724155312;0.11930926144123075;0.6475194678576064;0.1240188404917717;0.6478533957217889;0.12558870017528534;544.0;475.0;365.0;0.001
140;True;True;adam;0.001;500;0.67203114788798;0.12872841954231262;0.6738541957160554;0.12872841954231262;0.6608072828086242;0.12244898080825806;156.0;143.0;124.0;0.0001
141;True;False;adam;0.001;500;0.6449999225382902;0.12558870017528534;0.6471523091407548;0.1240188404917717;0.643759428331953;0.12558870017528534;418.0;461.0;427.0;0.0001
142;False;True;adam;0.001;500;0.6533528305297743;0.12244898080825806;0.6445537956206353;0.12087912112474443;0.6508347142247989;0.12244898080825806;129.0;150.0;110.0;0.0001
143;False;False;adam;0.001;500;0.6491445349748692;0.1240188404917717;0.6465023247001684;0.12715855240821838;0.643462118492396;0.12244898080825806;488.0;420.0;471.0;0.0001
144;True;True;adam;0.0001;10;0.6759935682946511;0.12558870017528534;0.6840354444654995;0.13029827177524567;0.6743615880678737;0.12715855240821838;155.0;133.0;157.0;0.01
145;True;False;adam;0.0001;10;0.6451894663379555;0.1240188404917717;0.6482683256432249;0.12244898080825806;0.6445828016549114;0.12872841954231262;386.0;425.0;394.0;0.01
146;False;True;adam;0.0001;10;0.6749551867016443;0.11145997047424316;0.6720949669647815;0.1130298301577568;0.6755440442865273;0.11459968239068985;120.0;109.0;149.0;0.01
147;False;False;adam;0.0001;10;0.6477879121127645;0.12558870017528534;0.6491550031224824;0.11930926144123075;0.6441220846056377;0.1240188404917717;447.0;372.0;439.0;0.01
148;True;True;adam;0.0001;10;0.6600838842534196;0.12715855240821838;0.6710802858440992;0.12087912112474443;0.6691878986321215;0.1240188404917717;176.0;250.0;161.0;0.001
149;True;False;adam;0.0001;10;0.6418410594833889;0.1240188404917717;0.6471263954366208;0.1240188404917717;0.643183061522629;0.12715855240821838;361.0;457.0;370.0;0.001
150;False;True;adam;0.0001;10;0.6565700820888417;0.11930926144123075;0.6527295405486689;0.12087912112474443;0.6541637432069943;0.11930926144123075;122.0;118.0;115.0;0.001
151;False;False;adam;0.0001;10;0.6453604206934079;0.12244898080825806;0.6463468983371741;0.12087912112474443;0.6433443208130039;0.12087912112474443;333.0;429.0;490.0;0.001
152;True;True;adam;0.0001;10;0.6617029945554689;0.13029827177524567;0.6686301791873794;0.11459968239068985;0.6541617029877248;0.12087912112474443;180.0;222.0;254.0;0.0001
153;True;False;adam;0.0001;10;0.6461787310836828;0.12715855240821838;0.6456365852939839;0.12244898080825806;0.6434766895355571;0.12872841954231262;321.0;393.0;329.0;0.0001
154;False;True;adam;0.0001;10;0.6515000465339169;0.11930926144123075;0.645407304378282;0.12872841954231262;0.6436424746618166;0.12244898080825806;158.0;114.0;148.0;0.0001
155;False;False;adam;0.0001;10;0.6466259640090319;0.12244898080825806;0.6476934381893703;0.12244898080825806;0.6464814185347625;0.12558870017528534;381.0;388.0;356.0;0.0001
156;True;True;adam;0.0001;50;0.6775723152108245;0.12715855240821838;0.6770851964853248;0.1240188404917717;0.6773944993969784;0.13029827177524567;151.0;183.0;217.0;0.01
157;True;False;adam;0.0001;50;0.649756480797868;0.12244898080825806;0.6480866902664281;0.12558870017528534;0.6467068531262444;0.12872841954231262;505.0;559.0;520.0;0.01
158;False;True;adam;0.0001;50;0.659569841164809;0.11459968239068985;0.6567436805699647;0.1240188404917717;0.6709971394231967;0.12244898080825806;151.0;175.0;167.0;0.01
159;False;False;adam;0.0001;50;0.6498428029205586;0.12087912112474443;0.6488598751684934;0.1240188404917717;0.6491144934853355;0.12872841954231262;562.0;632.0;683.0;0.01
160;True;True;adam;0.0001;50;0.6673788492870479;0.12715855240821838;0.6669128687827142;0.12558870017528534;0.6598352449280875;0.1240188404917717;191.0;196.0;288.0;0.001
161;True;False;adam;0.0001;50;0.6469825960029051;0.12244898080825806;0.6472372360281892;0.12087912112474443;0.64558258807079;0.12715855240821838;526.0;560.0;484.0;0.001
162;False;True;adam;0.0001;50;0.6544810209768346;0.12558870017528534;0.653008946724926;0.11930926144123075;0.6493439373079237;0.12087912112474443;171.0;167.0;177.0;0.001
163;False;False;adam;0.0001;50;0.6475081223895074;0.12087912112474443;0.6498966045806321;0.12087912112474443;0.6461786145879485;0.1240188404917717;581.0;559.0;584.0;0.001
164;True;True;adam;0.0001;50;0.6680237747249274;0.12715855240821838;0.6638655083332929;0.11773940175771712;0.6699156574963401;0.12087912112474443;173.0;217.0;187.0;0.0001
165;True;False;adam;0.0001;50;0.6475402784871531;0.1240188404917717;0.646276351795466;0.12715855240821838;0.6450342405909084;0.12715855240821838;497.0;536.0;546.0;0.0001
166;False;True;adam;0.0001;50;0.6524604860242906;0.1240188404917717;0.64583927757886;0.12558870017528534;0.6473020131771381;0.1240188404917717;133.0;181.0;190.0;0.0001
167;False;False;adam;0.0001;50;0.6487237107435613;0.1240188404917717;0.6487902429077651;0.12558870017528534;0.6455673639965207;0.1240188404917717;536.0;605.0;708.0;0.0001
168;True;True;adam;0.0001;100;0.675629529137065;0.12244898080825806;0.6794660579840093;0.12715855240821838;0.6702565876430769;0.12087912112474443;214.0;216.0;248.0;0.01
169;True;False;adam;0.0001;100;0.6527201020549194;0.12244898080825806;0.650168206010546;0.12244898080825806;0.64892298675594;0.1240188404917717;555.0;674.0;712.0;0.01
170;False;True;adam;0.0001;100;0.6627112624222293;0.12087912112474443;0.6568050412592745;0.13029827177524567;0.6557645158640444;0.11773940175771712;210.0;226.0;186.0;0.01
171;False;False;adam;0.0001;100;0.6538771660399025;0.11930926144123075;0.6513331877754847;0.12244898080825806;0.65082150576066;0.12087912112474443;639.0;699.0;720.0;0.01
172;True;True;adam;0.0001;100;0.6668883981285515;0.12244898080825806;0.6672680869207277;0.1240188404917717;0.6643621283385966;0.1240188404917717;256.0;261.0;307.0;0.001
173;True;False;adam;0.0001;100;0.6504178587084101;0.12087912112474443;0.6484471857079905;0.12087912112474443;0.6457336282056392;0.1240188404917717;605.0;696.0;708.0;0.001
174;False;True;adam;0.0001;100;0.6526701772231697;0.12244898080825806;0.6476066483994668;0.1318681389093399;0.6521444385242612;0.12244898080825806;224.0;323.0;202.0;0.001
175;False;False;adam;0.0001;100;0.6489433866093635;0.1240188404917717;0.6486449544807805;0.1240188404917717;0.6478453150349471;0.1240188404917717;759.0;772.0;790.0;0.001
176;True;True;adam;0.0001;100;0.6658207471928379;0.12715855240821838;0.665120703646302;0.11459968239068985;0.6688417444236612;0.12715855240821838;301.0;302.0;288.0;0.0001
177;True;False;adam;0.0001;100;0.650534704772045;0.11930926144123075;0.6485522433390236;0.1240188404917717;0.6470084048140928;0.1240188404917717;603.0;620.0;677.0;0.0001
178;False;True;adam;0.0001;100;0.6466355106707083;0.11930926144123075;0.6481891788156291;0.12244898080825806;0.6504712572651717;0.12715855240821838;172.0;259.0;242.0;0.0001
179;False;False;adam;0.0001;100;0.6498937593711601;0.12558870017528534;0.6504451571678629;0.1240188404917717;0.6485804286631909;0.12244898080825806;685.0;693.0;740.0;0.0001
180;True;True;adam;0.0001;500;0.6756606031811593;0.12872841954231262;0.6779289793930773;0.11773940175771712;0.6724732732473401;0.12715855240821838;382.0;371.0;412.0;0.01
181;True;False;adam;0.0001;500;0.6591676352911129;0.11145997047424316;0.6600711830369719;0.10675039142370224;0.6575766850490959;0.11773940175771712;1053.0;1036.0;1112.0;0.01
182;False;True;adam;0.0001;500;0.6661927247159709;0.11930926144123075;0.6623570934008205;0.12244898080825806;0.6603512327001083;0.12558870017528534;445.0;417.0;447.0;0.01
183;False;False;adam;0.0001;500;0.6608188612681918;0.11145997047424316;0.6602706335590248;0.10989011079072952;0.6585947110477011;0.11616954207420348;1170.0;1192.0;1288.0;0.01
184;True;True;adam;0.0001;500;0.6662421587685027;0.11773940175771712;0.6648133631029534;0.11930926144123075;0.6652977778174252;0.12087912112474443;391.0;453.0;377.0;0.001
185;True;False;adam;0.0001;500;0.6583052805304714;0.1130298301577568;0.6579830421944802;0.11616954207420348;0.6561109194388757;0.11773940175771712;1066.0;1069.0;1154.0;0.001
186;False;True;adam;0.0001;500;0.6518152880144643;0.12715855240821838;0.6510257096829557;0.12715855240821838;0.6501690336448993;0.12244898080825806;403.0;370.0;277.0;0.001
187;False;False;adam;0.0001;500;0.6584148080420082;0.11459968239068985;0.6593904237919362;0.11459968239068985;0.6584701670956574;0.11616954207420348;1191.0;1200.0;1214.0;0.001
188;True;True;adam;0.0001;500;0.6646420339961628;0.11773940175771712;0.6632155231441396;0.11773940175771712;0.6652577956392777;0.11459968239068985;357.0;498.0;361.0;0.0001
189;True;False;adam;0.0001;500;0.6574739062430534;0.11459968239068985;0.6559157167536498;0.11616954207420348;0.6547558531282086;0.11773940175771712;1068.0;1142.0;1176.0;0.0001
190;False;True;adam;0.0001;500;0.6508497209339351;0.12087912112474443;0.6501895119107125;0.12087912112474443;0.6483497071303602;0.12244898080825806;325.0;342.0;377.0;0.0001
191;False;False;adam;0.0001;500;0.6575352586981266;0.11616954207420348;0.6593432949513806;0.11459968239068985;0.6583531424988008;0.11616954207420348;1202.0;1213.0;1243.0;0.0001
